track_id,frame,from_zone,to_zone
0,12,A,C
0,20,C,D
1,21,C,D
2,6,D,C
4,11,A,C
5,24,C,A
7,21,D,C
7,33,C,A
9,17,C,D
10,16,A,C
10,23,C,D
11,31,C,A
12,18,D,C
13,26,D,B
15,29,C,B
19,45,D,B
20,32,A,C
20,43,C,D
22,33,D,C
24,44,C,D
25,46,A,B
26,49,C,D
27,46,C,A
27,54,A,B
28,45,D,C
30,44,C,A
30,54,A,B
31,57,A,B
36,64,C,D
38,67,C,D
41,60,C,D
41,69,D,B
42,69,A,B
45,58,A,C
45,71,C,D
46,68,D,B
49,62,C,D
51,71,C,D
52,73,C,A
53,70,A,B
54,78,A,B
55,77,D,B
57,83,C,D
59,82,C,D
61,74,C,D
63,89,C,D
64,75,C,A
64,84,A,B
65,82,C,D
65,93,D,B
67,94,D,B
69,82,C,D
70,97,C,A
71,96,C,D
73,88,C,D
74,100,C,D
76,95,C,D
78,96,C,A
78,104,A,B
81,95,C,A
81,106,A,B
82,102,A,B
83,110,C,D
84,97,D,C
86,103,A,C
86,114,C,D
87,101,C,A
88,102,C,A
89,117,D,B
90,104,C,D
91,108,C,D
91,117,D,B
97,123,C,D
99,119,A,C
100,129,D,C
100,134,C,A
103,133,C,D
104,146,D,B
105,143,D,B
106,134,D,C
107,138,A,C
108,145,C,D
109,146,A,B
110,153,D,B
111,138,C,A
111,148,A,B
113,137,C,D
114,146,D,B
115,160,D,A
117,147,C,A
117,154,A,B
118,146,C,A
119,154,C,A
122,148,D,C
122,153,C,A
123,156,C,D
125,158,C,A
126,146,C,A
126,159,A,B
127,149,A,C
127,157,C,D
128,162,C,D
129,150,C,D
129,161,D,B
130,158,C,A
133,154,C,D
134,164,A,D
135,163,C,A
136,157,A,C
136,164,C,D
139,159,C,A
140,162,D,C
140,168,C,A
141,169,D,B
142,160,C,D
143,168,D,A
144,169,C,D
146,177,A,B
147,174,C,D
149,186,C,D
150,179,C,A
152,168,C,A
152,175,A,B
153,178,C,A
157,188,C,A
158,179,C,A
158,189,A,B
159,191,C,D
160,184,D,B
161,176,C,A
161,184,A,B
163,177,C,D
163,187,D,B
165,189,C,A
168,197,A,B
173,201,C,A
175,203,C,A
176,198,A,C
176,214,C,D
178,192,D,C
179,201,C,D
180,194,D,C
180,203,C,A
181,196,C,A
182,205,C,D
183,200,D,C
183,209,C,A
186,207,A,D
187,201,C,D
187,210,D,B
190,209,A,B
195,209,A,C
196,224,C,D
197,221,C,A
198,221,C,D
201,226,C,A
202,224,C,D
202,232,D,B
203,218,D,C
205,225,D,C
205,239,C,A
206,228,C,A
207,238,C,D
208,234,A,B
210,236,A,B
212,239,C,A
214,244,C,D
216,243,C,D
219,244,A,B
220,246,C,A
221,249,C,A
227,251,C,A
229,254,C,A
231,257,C,A
234,267,D,B
235,265,D,B
236,261,C,A
241,270,D,B
246,266,A,B
247,262,C,A
247,275,A,B
248,276,A,B
250,269,A,B
254,271,A,B
255,267,C,D
255,273,D,B
256,268,D,C
259,267,C,A
260,281,D,B
263,279,A,C
263,294,C,D
264,274,C,A
264,288,A,B
266,276,C,D
267,295,D,B
268,283,C,D
269,293,C,A
270,285,C,A
271,285,D,C
273,297,A,B
274,305,C,B
275,302,A,B
277,302,C,A
280,302,C,A
282,295,C,A
282,311,A,B
283,295,C,A
283,306,A,B
285,307,C,A
289,309,C,A
290,311,D,B
292,302,A,C
294,318,A,B
296,318,D,B
297,317,C,A
297,328,A,B
299,324,C,B
300,329,C,D
302,337,D,B
305,328,C,A
307,341,D,B
308,326,D,C
308,338,C,A
309,327,C,A
310,334,C,D
311,340,D,B
312,340,C,A
314,330,D,C
315,342,C,A
317,335,C,A
318,335,D,C
318,350,C,A
319,342,C,A
320,351,D,B
321,341,D,C
321,350,C,A
324,344,D,B
327,350,C,A
328,350,D,A
329,341,D,C
329,350,C,A
332,357,C,A
336,361,C,D
337,357,C,A
338,359,C,A
341,364,A,B
342,359,A,C
342,374,C,D
346,370,C,D
347,362,C,D
348,371,C,A
349,363,C,A
349,373,A,B
350,364,C,A
351,373,C,D
352,357,C,D
356,367,D,C
356,379,C,A
358,379,D,B
359,383,C,A
363,383,D,B
364,379,C,A
364,388,A,B
366,377,C,A
366,390,A,B
367,383,C,A
369,382,C,D
369,394,D,B
370,388,C,A
371,387,C,A
371,394,A,B
372,389,A,B
373,389,C,A
376,395,C,D
378,388,D,C
378,394,C,A
379,396,C,D
380,388,C,A
380,402,A,B
381,394,A,C
381,400,C,D
382,399,C,A
383,391,A,C
384,402,D,B
385,390,D,C
385,397,C,A
386,404,C,A
388,395,A,C
388,404,C,D
389,408,C,A
392,398,D,C
392,408,C,A
393,407,C,A
393,418,A,B
394,415,A,B
396,410,A,B
397,405,C,A
401,410,A,C
402,423,C,A
404,422,A,B
405,415,D,C
405,432,C,A
406,429,C,A
408,415,D,C
408,424,C,A
409,422,C,D
410,427,C,A
411,429,D,B
413,430,C,B
414,437,C,D
420,434,A,D
421,441,C,A
422,428,C,D
422,447,D,B
423,439,C,D
425,440,C,A
426,435,A,C
426,447,C,D
427,439,C,A
428,440,C,A
429,444,C,A
432,444,C,A
433,435,A,C
437,452,C,A
438,448,C,A
438,457,A,B
439,453,C,A
440,445,C,A
440,452,A,B
441,447,C,D
441,460,D,B
442,441,C,A
442,450,A,B
443,456,A,B
444,456,A,B
445,449,C,D
446,459,A,B
447,458,A,B
448,442,C,A
448,458,A,B
449,459,A,B
450,455,D,B
452,447,C,D
452,460,D,B
453,452,C,A
453,462,A,B
454,452,A,B
455,456,D,B
456,453,D,B
457,453,A,B
458,448,C,A
458,457,A,B
459,458,D,B
461,464,A,B
462,453,C,D
462,462,D,B
463,451,C,D
463,462,D,B
464,459,C,A
466,457,A,B
467,465,D,B
468,452,C,D
468,461,D,B
470,464,C,B
472,463,D,B
473,454,C,A
473,466,A,B
474,464,A,B
479,457,C,D
479,467,D,B
480,463,C,D
480,477,D,B
481,467,D,B
483,467,C,A
483,473,A,B
484,464,C,A
484,473,A,B
485,475,A,B
486,469,A,B
487,463,C,A
487,474,A,B
488,470,D,B
489,470,D,B
490,480,A,B
491,461,C,A
491,472,A,B
492,470,C,D
493,471,A,C
493,483,C,D
494,467,C,D
494,478,D,B
496,471,C,A
497,478,D,B
498,483,D,B
499,468,C,D
499,475,D,B
500,480,A,B
502,472,C,A
502,488,A,B
503,478,C,A
503,492,A,B
504,474,D,C
504,480,C,A
505,476,C,A
505,483,A,B
506,480,D,B
507,487,D,B
508,482,A,B
509,487,D,B
510,492,D,B
511,491,A,B
513,479,C,D
513,497,D,B
514,491,D,B
515,491,A,B
516,494,C,B
517,486,D,B
519,494,A,B
520,495,A,B
521,489,D,B
522,489,A,B
524,487,C,A
524,497,A,B
526,497,C,A
527,493,C,A
528,493,A,B
529,494,C,A
530,488,C,D
530,503,D,B
531,488,C,A
531,504,A,B
533,496,D,B
534,488,A,C
534,497,C,D
535,497,A,B
536,501,A,B
538,499,D,B
539,494,C,D
539,501,D,B
540,501,D,B
541,504,A,B
542,495,C,A
542,502,A,B
543,499,C,A
543,506,A,B
544,510,C,A
545,494,C,A
545,502,A,B
546,505,D,B
547,498,C,A
547,504,A,B
548,496,C,A
548,514,A,B
550,502,C,D
550,515,D,B
551,506,A,B
552,509,D,B
553,509,D,B
554,502,C,A
554,516,A,B
555,513,D,B
556,499,C,D
556,510,D,B
557,499,C,D
557,514,D,B
558,508,A,B
559,505,C,D
559,514,D,B
560,512,C,B
561,512,D,B
562,507,C,A
562,515,A,B
565,514,D,B
568,516,D,B
569,516,C,D
569,527,D,B
570,509,C,D
570,522,D,B
571,516,C,A
571,523,A,B
572,518,A,B
573,515,C,D
573,525,D,B
575,519,C,D
575,526,D,B
576,526,A,B
577,524,C,D
578,514,C,D
578,529,D,B
579,520,A,B
580,517,C,D
580,525,D,B
581,513,C,A
583,515,C,D
583,525,D,B
584,526,A,B
585,523,D,B
586,522,C,A
587,515,D,C
587,525,C,A
588,523,C,B
589,529,D,B
590,529,A,B
591,525,D,B
592,520,C,D
592,527,D,B
593,520,C,A
593,529,A,B
594,523,C,D
594,539,D,B
595,521,A,C
596,528,A,C
596,533,C,D
597,531,D,B
598,521,C,A
598,536,A,B
599,534,A,B
600,529,A,B
601,530,C,D
601,536,D,B
602,538,D,B
603,537,A,B
605,535,D,B
606,523,C,A
606,541,A,B
607,531,C,A
608,540,A,B
609,529,C,A
609,547,A,B
610,535,A,B
611,527,C,D
611,534,D,B
612,536,D,B
613,541,D,B
614,543,C,A
615,540,D,B
616,539,D,B
617,542,D,B
618,540,D,B
619,539,A,B
620,533,C,D
620,540,D,B
622,542,D,B
623,541,D,B
624,553,D,B
625,541,C,D
625,553,D,B
626,548,D,B
628,548,D,B
630,548,A,B
631,550,A,B
632,548,D,B
633,549,C,A
633,563,A,B
634,556,A,B
635,544,C,D
635,553,D,B
636,545,C,D
636,552,D,B
637,552,C,D
639,544,C,D
639,554,D,B
640,558,D,B
641,553,C,A
642,556,A,B
643,563,D,B
644,562,C,A
645,556,A,B
646,550,C,D
646,558,D,B
647,567,C,D
648,564,C,B
649,563,A,B
650,572,A,B
651,566,A,B
652,561,C,D
652,569,D,B
653,564,C,D
654,560,C,D
654,568,D,B
655,567,A,B
656,562,C,A
656,567,A,B
657,559,C,A
657,575,A,B
658,571,D,B
659,567,C,A
659,572,A,B
660,561,C,A
660,571,A,B
661,575,C,D
661,581,D,B
662,571,D,B
663,570,A,B
664,563,C,D
664,579,D,B
665,571,C,A
665,576,A,B
666,564,A,C
667,567,C,D
668,570,C,D
668,580,D,B
669,582,D,B
670,579,C,B
671,580,D,B
672,570,C,D
672,584,D,B
673,578,D,B
674,579,D,B
676,579,D,B
677,578,D,B
679,573,A,C
679,581,C,D
680,583,A,B
681,582,A,B
682,575,C,A
682,592,A,B
683,589,C,D
684,585,C,A
684,591,A,B
685,588,C,D
685,597,D,B
686,592,D,B
687,589,A,B
688,579,C,D
688,589,D,B
690,581,C,D
690,596,D,B
692,590,C,D
694,591,C,D
695,598,D,B
696,591,D,B
698,581,C,D
698,591,D,B
700,597,A,B
701,589,C,D
701,597,D,B
703,591,C,A
703,596,A,B
704,590,D,C
704,600,C,A
705,586,C,D
705,596,D,B
706,600,A,B
707,596,A,B
708,588,C,A
708,603,A,B
711,593,D,C
711,610,C,A
713,597,C,D
713,607,D,B
714,597,A,B
715,602,A,B
717,604,D,B
718,607,A,B
719,600,A,B
721,597,A,C
721,604,C,D
722,604,A,B
723,602,A,B
724,606,D,B
726,599,C,A
726,609,A,B
727,616,D,B
728,615,A,B
729,602,D,C
729,612,C,A
730,614,D,B
732,604,C,A
732,618,A,B
733,612,D,B
735,612,A,B
736,608,C,A
736,621,A,B
737,605,C,D
737,612,D,B
739,603,C,D
739,614,D,B
740,606,D,C
741,624,D,B
742,606,C,A
742,626,A,B
743,610,D,C
743,617,C,A
744,621,D,B
747,622,C,A
748,620,A,B
749,623,A,B
750,618,C,D
750,624,D,B
751,624,A,B
752,610,C,D
752,621,D,B
755,620,C,D
755,626,D,B
756,620,C,A
756,634,A,B
757,628,D,B
759,622,C,D
759,635,D,B
760,624,D,B
763,628,A,B
764,619,D,C
764,628,C,A
766,631,A,B
767,630,A,B
768,629,A,B
769,627,C,A
771,632,C,D
772,633,A,B
773,630,A,B
775,625,C,A
775,631,A,B
778,635,C,D
778,642,D,B
779,624,C,A
780,635,A,B
781,639,D,B
782,635,A,B
785,640,D,B
786,639,C,A
787,629,C,A
788,631,C,A
788,648,A,B
789,642,D,B
790,640,A,B
791,634,C,D
793,649,A,B
794,632,C,D
794,642,D,B
796,643,C,D
796,648,D,B
797,643,D,B
798,636,D,C
799,650,A,B
800,638,C,A
800,643,A,B
801,635,C,A
801,650,A,B
802,651,D,B
804,640,D,C
805,651,A,B
807,652,A,B
808,646,C,A
808,651,A,B
809,656,A,B
810,643,A,C
811,660,A,B
812,654,D,C
812,662,C,A
813,646,A,C
814,660,A,B
815,662,D,B
818,660,D,B
819,653,C,A
819,667,A,B
820,652,C,A
820,664,A,B
821,654,C,D
821,660,D,B
822,653,C,A
822,663,A,B
823,664,D,B
824,672,A,B
825,662,C,A
826,664,A,B
827,655,C,D
828,654,C,A
828,669,A,B
829,657,C,D
829,665,D,B
830,657,C,A
830,664,A,B
831,660,C,A
831,669,A,B
833,677,D,B
834,671,A,B
836,670,D,B
837,677,D,B
839,682,A,B
840,670,A,C
840,676,C,D
841,681,D,B
842,676,A,B
844,666,C,A
845,678,D,B
846,676,D,B
848,675,A,B
852,669,A,C
852,681,C,D
854,670,D,C
854,680,C,A
855,681,D,B
856,675,C,D
856,685,D,B
857,677,C,D
858,680,A,B
859,675,A,C
859,682,C,D
860,671,C,D
860,686,D,B
861,686,D,B
862,680,D,B
864,674,C,D
864,681,D,B
865,681,A,B
866,675,C,A
866,690,A,B
868,680,C,A
868,687,A,B
869,690,A,B
871,688,D,B
872,686,A,C
872,694,C,D
873,678,C,A
874,688,A,B
875,682,C,A
875,694,A,B
876,683,C,D
876,699,D,B
877,690,C,A
877,696,A,B
879,694,A,B
880,693,A,B
881,683,C,A
881,697,A,B
882,702,D,B
883,697,C,D
883,703,D,B
884,700,D,B
885,697,D,B
886,703,D,B
887,696,C,A
887,701,A,B
888,692,C,A
888,699,A,B
889,690,C,D
889,700,D,B
890,696,C,D
890,707,D,B
892,698,C,A
892,714,A,B
893,703,D,B
895,705,D,B
896,695,C,D
896,709,D,B
897,703,C,D
897,708,D,B
898,696,A,C
899,713,D,B
900,715,D,B
902,707,D,B
904,703,C,D
904,717,D,B
905,699,C,A
905,717,A,B
907,708,A,B
908,708,D,B
909,709,D,B
910,703,C,A
910,718,A,B
911,713,C,A
912,713,D,B
913,713,A,B
914,722,D,B
915,706,C,D
915,713,D,B
917,719,D,B
918,704,C,A
918,714,A,B
919,704,C,A
919,713,A,B
920,717,A,B
921,721,A,B
922,718,A,B
923,717,A,B
924,725,D,B
925,717,D,B
926,708,C,A
927,717,A,B
929,715,D,B
930,717,D,B
931,718,C,B
932,725,D,B
933,712,D,C
933,718,C,A
934,719,C,D
936,722,D,B
937,716,C,D
937,721,D,B
938,712,C,A
938,724,A,B
939,730,D,B
940,716,C,D
940,729,D,B
941,723,D,B
942,721,A,B
943,714,C,D
943,724,D,B
944,724,C,D
945,724,C,D
946,729,D,B
947,716,A,C
948,727,D,B
950,730,A,B
951,731,C,B
952,737,D,B
954,730,A,B
955,732,A,B
956,730,D,B
959,727,C,D
959,734,D,B
960,743,A,B
961,741,C,D
962,736,D,B
963,740,D,B
964,737,C,B
965,731,C,D
965,742,D,B
966,730,C,A
967,733,C,D
967,741,D,B
968,751,A,B
971,749,A,B
973,735,D,C
974,736,C,D
974,745,D,B
975,737,C,A
975,745,A,B
976,750,D,B
977,753,A,B
978,747,D,B
979,748,D,B
980,746,C,B
982,758,A,B
983,741,C,D
983,759,D,B
987,766,C,D
988,761,C,A
989,761,C,D
991,756,C,D
991,762,D,B
992,769,D,B
993,764,A,B
994,772,D,B
995,775,D,B
1000,772,C,D
1004,777,A,B
1006,766,C,A
1007,770,A,C
1008,778,C,D
1009,771,C,D
1010,776,C,A
1010,788,A,B
1011,787,C,D
1013,775,D,C
1017,800,A,B
1019,791,C,D
1019,813,D,B
1020,807,C,A
1024,812,C,A
1025,798,A,C
1025,807,C,D
1026,799,C,D
1029,803,D,C
1029,812,C,A
1031,803,A,C
1031,817,C,D
1035,822,C,D
1037,817,C,A
1040,822,C,A
1042,828,D,B
1043,839,C,D
1048,831,A,C
1048,842,C,D
1049,824,D,C
1049,838,C,A
1051,823,C,A
1052,838,A,B
1053,825,C,A
1055,844,C,D
1056,830,A,C
1056,839,C,D
1058,837,C,D
1059,830,C,A
1064,835,D,C
1064,843,C,A
1065,845,C,D
1066,836,D,C
1066,845,C,A
1068,848,C,D
1072,843,C,D
1074,844,D,C
1075,844,A,C
1076,852,D,B
1078,856,C,D
1080,867,C,A
1081,847,C,D
1081,862,D,B
1082,851,D,C
1083,858,C,D
1086,862,A,B
1087,855,A,C
1093,859,C,D
1095,872,C,D
1097,873,A,B
1100,865,A,C
1101,871,A,C
1101,882,C,D
1102,873,C,D
1104,882,C,D
1107,871,C,D
1109,874,A,C
1110,880,C,D
1110,892,D,B
1111,885,C,A
1111,892,A,B
1112,879,A,C
1113,890,D,A
1115,888,D,C
1120,896,C,A
1120,907,A,B
1121,906,C,A
1122,890,C,D
1123,892,A,C
1123,900,C,D
1124,892,D,C
1125,912,C,A
1127,906,C,A
1129,895,C,D
1129,904,D,B
1131,907,A,B
1134,909,C,D
1136,901,A,C
1137,907,C,D
1138,906,D,C
1138,915,C,A
1141,920,C,B
1150,919,A,C
1150,939,C,D
1151,934,C,D
1152,932,C,D
1154,936,A,B
1156,936,D,B
1157,940,D,B
1158,934,C,D
1160,929,A,C
1167,939,C,D
1169,955,C,D
1171,941,C,D
1171,949,D,B
1172,950,D,B
1176,944,C,A
1178,957,C,D
1179,960,A,B
1180,963,A,B
1184,955,A,C
1184,968,C,D
1185,957,C,A
1185,965,A,B
1188,961,A,C
1189,969,A,D
1190,960,A,C
1190,979,C,D
1191,971,C,D
1192,962,C,D
1194,974,D,C
1194,982,C,A
1195,970,A,C
1195,976,C,D
1196,979,D,B
1197,978,C,A
1200,979,A,B
1201,977,C,D
1203,983,C,A
1204,973,A,C
1204,981,C,D
1205,971,D,C
1205,989,C,A
1208,985,D,C
1208,993,C,A
1210,993,D,B
1216,994,C,A
1217,1001,C,D
1218,1003,A,B
1219,992,A,C
1219,1002,C,D
1222,1003,C,A
1225,999,D,C
1225,1008,C,A
1227,1000,A,C
1227,1011,C,D
1228,1001,C,A
1228,1007,A,B
1229,1007,C,D
1229,1012,D,B
1231,1006,D,C
1231,1012,C,A
1232,1018,C,A
1234,1012,A,C
1234,1027,C,D
1235,1012,C,D
1236,1020,D,C
1238,1025,C,D
1239,1034,C,D
1241,1021,D,C
1243,1038,C,B
1244,1024,D,C
1244,1033,C,A
1246,1029,A,C
1246,1037,C,D
1249,1032,C,D
1250,1049,D,B
1252,1054,D,B
1253,1046,C,D
1254,1044,A,C
1254,1050,C,D
1255,1053,C,A
1256,1052,A,B
1257,1049,D,B
1258,1045,C,A
1258,1054,A,B
1259,1056,C,D
1260,1052,C,D
1261,1043,C,D
1263,1057,C,D
1265,1053,C,D
1265,1058,D,B
1267,1072,A,B
1269,1068,A,B
1272,1068,C,A
1273,1074,C,A
1274,1059,C,A
1278,1073,C,A
1279,1065,D,C
1279,1077,C,A
1280,1072,C,B
1281,1068,A,C
1281,1073,C,D
1282,1072,A,C
1282,1081,C,D
1284,1075,D,B
1286,1078,D,C
1286,1084,C,A
1287,1082,C,A
1290,1093,A,B
1291,1083,A,C
1291,1092,C,D
1292,1087,C,D
1294,1090,A,B
1295,1090,C,A
1296,1086,D,C
1296,1095,C,A
1299,1088,C,A
1300,1081,C,A
1301,1089,C,A
1302,1094,C,A
1305,1097,A,B
1306,1092,A,B
1307,1092,C,A
1313,1098,C,D
1314,1091,C,A
1315,1102,D,B
1316,1103,C,D
1318,1094,C,A
1318,1111,A,B
1320,1097,C,D
1324,1113,D,A
1325,1119,C,D
1327,1117,A,B
1329,1117,C,A
1330,1125,A,B
1331,1121,A,B
1332,1113,C,A
1333,1115,D,C
1337,1113,C,A
1339,1122,C,D
1342,1132,C,A
1343,1126,D,C
1343,1133,C,A
1344,1128,C,D
1345,1136,C,D
1346,1138,C,A
1348,1144,A,D
1349,1133,D,C
1349,1146,C,A
1350,1132,A,C
1350,1140,C,D
1351,1142,C,A
1352,1134,D,C
1352,1151,C,A
1353,1150,A,B
1354,1153,A,B
1355,1139,C,A
1355,1154,A,B
1360,1155,C,A
1367,1168,D,B
1369,1171,A,B
1370,1164,D,B
1371,1158,A,C
1371,1171,C,D
1373,1161,A,C
1373,1171,C,D
1375,1160,C,A
1375,1178,A,B
1376,1168,D,C
1376,1176,C,A
1378,1163,C,D
1378,1185,D,B
1380,1172,C,A
1381,1180,C,A
1385,1170,C,A
1385,1176,A,B
1388,1188,A,D
1390,1184,C,A
1391,1186,C,B
1394,1179,D,C
1394,1185,C,A
1397,1189,C,D
1399,1194,D,B
1400,1196,C,D
1401,1197,C,D
1402,1196,C,A
1403,1185,C,D
1403,1196,D,B
1406,1191,D,C
1406,1196,C,A
1407,1189,C,D
1409,1201,A,B
1411,1205,D,C
1411,1213,C,A
1412,1206,A,B
1413,1201,C,D
1414,1211,D,B
1415,1212,C,A
1416,1206,C,A
1416,1224,A,B
1419,1210,C,A
1419,1215,A,B
1420,1205,C,A
1421,1215,C,A
1424,1224,C,A
1425,1208,A,C
1429,1220,C,A
1430,1223,C,A
1435,1220,C,A
1436,1233,D,B
1437,1231,A,B
1438,1220,A,C
1438,1230,C,D
1440,1229,C,B
1441,1231,A,B
1443,1232,C,A
1447,1229,C,A
1448,1231,C,D
1448,1237,D,B
1449,1228,D,C
1451,1230,D,C
1451,1238,C,A
1452,1240,A,B
1453,1247,C,D
1454,1249,C,A
1455,1243,C,A
1457,1248,C,D
1458,1248,C,A
1459,1251,D,B
1460,1255,D,B
1462,1246,C,A
1462,1261,A,B
1464,1259,A,B
1465,1258,C,D
1466,1247,A,C
1467,1248,D,C
1467,1263,C,A
1468,1259,A,B
1473,1249,A,C
1473,1268,C,D
1474,1253,D,C
1474,1260,C,A
1476,1254,C,A
1478,1259,C,A
1481,1258,C,D
1482,1263,C,D
1482,1270,D,B
1485,1273,A,B
1487,1273,D,C
1487,1279,C,A
1488,1262,C,D
1489,1264,C,A
1491,1280,C,D
1492,1267,D,C
1494,1269,C,A
1495,1274,A,C
1495,1291,C,D
1496,1278,D,B
1499,1284,C,D
1500,1276,C,D
1500,1284,D,B
1501,1286,C,D
1502,1280,D,C
1502,1292,C,A
1504,1285,C,D
1507,1277,C,A
1508,1287,C,A
1509,1291,D,B
1512,1284,D,C
1512,1297,C,A
1513,1288,C,A
1515,1299,C,A
1516,1295,C,D
1519,1306,C,D
1520,1302,C,A
1521,1315,C,D
1522,1298,D,C
1522,1306,C,A
1523,1308,C,D
1524,1308,C,A
1526,1300,C,D
1528,1306,C,D
1529,1304,C,D
1529,1318,D,B
1531,1308,C,D
1531,1321,D,B
1533,1326,C,A
1537,1320,C,A
1537,1329,A,B
1539,1319,C,A
1544,1335,C,A
1547,1331,D,C
1547,1339,C,A
1548,1350,C,A
1551,1347,D,B
1554,1344,C,A
1554,1350,A,B
1555,1357,A,B
1556,1354,A,B
1558,1349,D,B
1559,1352,D,B
1560,1357,A,B
1561,1356,C,A
1561,1451,A,B
1562,1351,D,B
1563,1360,D,B
1565,1345,C,A
1565,1356,A,B
1566,1355,C,B
1567,1354,A,B
1568,1348,C,A
1568,1358,A,B
1569,1348,C,D
1569,1354,D,B
1570,1364,A,B
1571,1365,D,B
1572,1362,A,B
1573,1360,C,B
1574,1360,D,B
1576,1354,C,D
1576,1368,D,B
1578,1358,C,D
1578,1363,D,B
1579,1362,D,B
1580,1357,A,C
1580,1372,C,D
1582,1356,C,D
1582,1364,D,B
1583,1372,C,D
1584,1364,D,B
1586,1358,C,A
1586,1369,A,B
1587,1375,A,B
1588,1371,D,A
1589,1374,A,B
1590,1361,D,C
1590,1376,C,A
1592,1361,C,A
1592,1371,A,B
1594,1362,A,C
1594,1380,C,D
1595,1370,C,D
1596,1377,A,B
1598,1374,A,D
1599,1369,C,A
1600,1365,A,C
1600,1370,C,D
1603,1372,D,B
1604,1374,D,B
1607,1379,C,A
1608,1378,A,B
1610,1381,C,A
1611,1372,C,A
1611,1379,A,B
1612,1373,A,B
1613,1375,D,B
1614,1379,A,B
1615,1381,C,B
1617,1377,A,B
1618,1375,C,D
1618,1380,D,B
1620,1384,C,D
1621,1386,A,B
1622,1387,C,B
1623,1383,D,B
1624,1383,A,B
1625,1383,D,B
1627,1391,A,B
1628,1389,C,D
1629,1388,D,B
1630,1386,C,D
1630,1394,D,B
1631,1379,C,D
1631,1388,D,B
1632,1388,A,B
1633,1400,D,B
1635,1389,C,A
1635,1403,A,B
1636,1389,C,A
1636,1398,A,B
1637,1383,C,D
1637,1395,D,B
1638,1391,D,B
1640,1394,A,B
1641,1399,D,B
1643,1395,A,B
1644,1399,A,B
1645,1390,C,A
1645,1398,A,B
1646,1398,C,A
1646,1405,A,B
1647,1399,A,B
1648,1391,C,D
1648,1400,D,B
1649,1393,C,D
1649,1404,D,B
1650,1391,C,D
1650,1401,D,B
1651,1398,D,B
1652,1392,C,D
1652,1402,D,B
1653,1394,C,D
1653,1403,D,B
1655,1404,D,B
1656,1404,D,B
1657,1406,A,B
1658,1411,A,B
1659,1400,A,B
1660,1398,C,A
1660,1406,A,B
1661,1398,C,A
1661,1405,A,B
1662,1404,A,B
1663,1413,D,B
1664,1408,A,B
1666,1401,C,D
1666,1414,D,B
1667,1408,A,B
1668,1398,C,D
1668,1414,D,B
1669,1406,D,B
1670,1412,A,B
1671,1412,A,B
1674,1414,D,B
1675,1410,D,B
1676,1408,C,D
1677,1419,D,B
1678,1413,D,B
1679,1417,D,B
1680,1414,A,B
1681,1420,D,B
1683,1422,C,D
1685,1418,A,B
1686,1425,C,B
1687,1415,C,A
1687,1424,A,B
1689,1407,C,D
1689,1422,D,B
1692,1424,D,B
1693,1420,D,B
1694,1423,D,B
1695,1422,D,B
1696,1426,A,B
1697,1427,D,B
1698,1430,A,B
1699,1417,C,A
1699,1430,A,B
1700,1422,C,D
1700,1432,D,B
1703,1431,D,B
1704,1427,A,B
1705,1420,C,A
1705,1435,A,B
1706,1436,D,B
1707,1420,C,D
1707,1429,D,B
1708,1432,D,B
1710,1430,A,B
1711,1421,C,D
1711,1428,D,B
1714,1434,A,B
1715,1440,D,B
1716,1433,A,B
1718,1437,A,B
1719,1437,D,B
1720,1434,D,B
1721,1437,A,B
1722,1434,D,B
1723,1439,D,B
1724,1433,C,A
1724,1442,A,B
1725,1437,D,B
1726,1432,C,A
1726,1440,A,B
1727,1429,C,A
1727,1440,A,B
1728,1435,C,A
1728,1442,A,B
1730,1440,C,A
1730,1454,A,B
1731,1434,C,A
1731,1443,A,B
1732,1435,C,D
1732,1449,D,B
1734,1435,A,C
1735,1434,A,C
1735,1448,C,D
1736,1446,A,B
1739,1435,C,D
1740,1450,D,B
1741,1444,A,B
1742,1452,C,A
1743,1439,C,D
1745,1443,C,D
1745,1453,D,B
1746,1447,C,D
1746,1459,D,B
1747,1452,D,B
1749,1454,A,B
1750,1456,C,A
1751,1461,A,B
1752,1454,D,B
1753,1448,C,A
1753,1458,A,B
1754,1455,A,B
1755,1457,C,B
1756,1455,D,B
1757,1449,A,C
1758,1449,C,A
1758,1455,A,B
1759,1456,A,B
1762,1451,C,A
1762,1459,A,B
1763,1470,D,B
1764,1451,C,D
1764,1462,D,B
1765,1462,A,B
1766,1452,C,A
1766,1460,A,B
1768,1471,A,B
1769,1467,A,B
1770,1462,D,B
1771,1464,A,B
1772,1464,A,B
1773,1464,C,B
1774,1468,A,B
1776,1463,A,C
1776,1472,C,D
1777,1463,C,A
1777,1473,A,B
1778,1468,C,A
1778,1473,A,B
1779,1468,D,B
1780,1468,D,B
1781,1473,D,B
1782,1468,C,D
1782,1474,D,B
1783,1470,A,B
1785,1462,C,D
1785,1474,D,B
1786,1473,A,B
1787,1478,A,B
1788,1470,D,B
1789,1477,C,A
1790,1472,D,B
1791,1481,A,B
1792,1475,D,B
1793,1467,A,C
1795,1476,A,B
1796,1474,A,B
1798,1478,C,B
1799,1483,A,B
1800,1480,A,B
1801,1484,A,B
1802,1479,D,B
1803,1481,D,B
1804,1472,C,A
1804,1483,A,B
1805,1473,A,C
1806,1485,A,B
1807,1474,A,C
1809,1481,D,B
1810,1477,C,D
1810,1489,D,B
1811,1477,A,C
1811,1483,C,D
1814,1485,D,B
1815,1495,A,B
1816,1494,D,B
1817,1495,A,B
1818,1497,A,B
1820,1494,D,B
1821,1489,C,A
1821,1497,A,B
1822,1486,C,D
1822,1498,D,B
1823,1489,C,D
1823,1495,D,B
1824,1498,D,B
1825,1488,C,A
1826,1504,A,B
1827,1487,C,A
1827,1497,A,B
1828,1489,C,A
1828,1497,A,B
1829,1499,A,B
1830,1502,D,B
1831,1497,C,D
1831,1507,D,B
1832,1500,A,B
1833,1490,C,A
1834,1494,C,D
1834,1505,D,B
1835,1504,C,D
1835,1511,D,B
1838,1505,D,B
1841,1505,A,B
1842,1505,C,A
1842,1515,A,B
1843,1505,A,B
1844,1504,C,A
1845,1509,A,B
1846,1500,C,D
1846,1515,D,B
1847,1499,C,D
1847,1508,D,B
1848,1505,D,B
1849,1507,C,A
1850,1505,A,B
1851,1503,D,C
1851,1518,C,A
1852,1505,A,B
1853,1511,C,A
1854,1507,A,B
1855,1500,C,A
1855,1513,A,B
1856,1511,D,B
1857,1508,A,B
1858,1507,A,B
1859,1511,C,A
1859,1519,A,B
1860,1508,C,A
1860,1523,A,B
1862,1510,C,D
1862,1517,D,B
1863,1517,A,B
1864,1502,C,A
1864,1518,A,B
1865,1503,C,D
1865,1514,D,B
1866,1508,D,C
1866,1515,C,A
1867,1510,A,B
1868,1514,D,B
1869,1520,D,B
1870,1523,A,B
1871,1514,D,B
1872,1518,D,B
1873,1521,A,B
1874,1506,C,A
1874,1517,A,B
1875,1508,C,D
1875,1522,D,B
1876,1517,A,B
1878,1515,C,A
1878,1528,A,B
1879,1521,A,B
1880,1521,A,B
1881,1520,C,B
1882,1523,C,D
1882,1529,D,B
1883,1517,C,D
1883,1522,D,B
1884,1523,C,A
1886,1528,D,B
1887,1525,D,B
1889,1517,C,D
1889,1532,D,B
1890,1516,A,C
1891,1517,C,A
1891,1531,A,B
1892,1524,A,B
1894,1532,A,B
1895,1526,D,B
1896,1529,D,B
1898,1529,C,A
1899,1531,A,B
1900,1535,A,B
1901,1520,C,D
1901,1536,D,B
1902,1530,A,B
1903,1521,D,C
1905,1530,A,B
1906,1535,D,B
1907,1529,C,D
1908,1532,A,D
1910,1528,C,D
1910,1533,D,B
1911,1532,D,B
1913,1539,D,B
1915,1538,A,B
1918,1532,C,D
1918,1542,D,B
1919,1541,D,B
1920,1534,D,B
1921,1526,C,A
1923,1538,A,B
1924,1529,C,A
1924,1541,A,B
1925,1537,A,B
1926,1530,A,C
1927,1540,C,A
1928,1532,C,D
1928,1544,D,B
1929,1532,C,A
1929,1539,A,B
1930,1535,A,C
1930,1547,C,D
1931,1541,A,B
1932,1540,A,B
1933,1544,D,B
1934,1537,C,A
1934,1548,A,B
1936,1532,A,C
1937,1543,A,B
1938,1535,C,A
1938,1551,A,B
1940,1544,A,B
1941,1546,A,B
1942,1552,A,B
1943,1540,C,D
1943,1550,D,B
1944,1539,C,A
1944,1547,A,B
1945,1544,C,A
1945,1549,A,B
1946,1546,C,B
1947,1547,D,B
1948,1549,A,B
1949,1549,A,B
1951,1551,D,B
1952,1548,D,B
1953,1560,D,B
1954,1546,C,D
1954,1554,D,B
1955,1550,D,B
1956,1549,D,B
1957,1548,C,D
1957,1554,D,B
1958,1550,D,B
1959,1556,A,B
1960,1554,C,A
1960,1561,A,B
1962,1560,D,B
1963,1560,C,D
1964,1548,D,C
1964,1554,C,A
1965,1554,A,B
1968,1551,C,D
1968,1559,D,B
1970,1556,D,B
1972,1552,C,A
1972,1559,A,B
1975,1559,A,B
1976,1568,A,B
1977,1568,D,B
1979,1554,C,A
1981,1563,D,B
1982,1567,C,D
1983,1568,D,B
1984,1571,A,B
1985,1567,C,D
1986,1572,C,A
1987,1562,C,A
1987,1570,A,B
1988,1562,C,D
1988,1568,D,B
1989,1564,A,B
1990,1565,A,B
1991,1573,A,B
1992,1568,D,B
1993,1572,D,B
1994,1569,D,B
1996,1570,D,B
1998,1567,C,D
1998,1583,D,B
1999,1573,C,A
2000,1569,D,B
2001,1570,C,B
2002,1561,C,D
2002,1578,D,B
2003,1571,A,B
2004,1569,C,D
2004,1580,D,B
2005,1572,D,B
2007,1570,D,C
2007,1581,C,A
2009,1574,D,B
2010,1567,C,A
2012,1571,C,A
2012,1576,A,B
2013,1569,C,A
2013,1579,A,B
2014,1575,C,D
2014,1590,D,B
2015,1573,C,D
2015,1584,D,B
2017,1585,D,B
2018,1588,A,B
2019,1584,A,B
2020,1583,A,B
2021,1588,C,D
2022,1595,A,B
2023,1590,A,B
2024,1577,C,D
2024,1592,D,B
2025,1596,D,B
2027,1587,D,B
2028,1585,C,D
2028,1593,D,B
2030,1591,A,B
2031,1589,C,A
2031,1599,A,B
2033,1589,A,B
2034,1589,C,A
2034,1599,A,B
2035,1591,C,D
2036,1589,C,D
2038,1590,C,D
2038,1597,D,B
2039,1592,D,B
2040,1593,D,B
2041,1592,C,A
2043,1588,C,D
2045,1602,D,B
2046,1596,C,A
2046,1608,A,B
2047,1593,C,D
2047,1604,D,B
2048,1602,D,B
2049,1599,A,B
2051,1602,D,B
2052,1601,C,D
2053,1612,A,B
2054,1593,C,D
2054,1605,D,B
2055,1602,A,B
2056,1604,A,B
2060,1605,A,B
2061,1607,C,A
2062,1606,A,B
2064,1607,D,B
2065,1610,C,B
2065,1618,B,D
2066,1609,D,C
2066,1620,C,A
2067,1599,C,D
2067,1608,D,B
2068,1604,C,D
2068,1617,D,B
2069,1611,A,B
2070,1613,D,B
2071,1612,A,B
2075,1606,C,A
2075,1611,A,B
2076,1611,A,B
2077,1613,C,B
2078,1604,C,A
2078,1618,A,B
2079,1617,C,A
2080,1614,A,B
2081,1621,A,B
2082,1614,D,B
2084,1610,A,C
2084,1621,C,D
2085,1607,C,D
2085,1623,D,B
2086,1612,A,B
2087,1608,C,A
2087,1614,A,B
2088,1615,C,D
2089,1615,A,B
2090,1626,A,B
2091,1620,D,B
2092,1622,C,A
2093,1617,A,B
2095,1622,D,C
2095,1631,C,A
2096,1630,D,B
2098,1615,C,D
2098,1629,D,B
2099,1629,A,B
2100,1634,A,B
2101,1625,A,B
2102,1629,A,B
2104,1617,C,D
2104,1626,D,B
2105,1625,C,A
2106,1633,D,B
2107,1628,C,A
2108,1622,C,D
2109,1619,C,A
2109,1628,A,B
2110,1630,C,A
2110,1643,A,B
2111,1633,D,A
2112,1635,A,B
2113,1633,A,B
2114,1624,C,D
2114,1635,D,B
2115,1638,D,B
2116,1633,D,B
2117,1638,D,B
2118,1633,D,B
2119,1635,D,B
2120,1636,D,B
2121,1636,C,D
2123,1635,C,A
2125,1632,C,D
2125,1643,D,B
2126,1636,D,B
2127,1636,D,B
2128,1634,C,A
2128,1639,A,B
2129,1636,A,B
2131,1629,C,A
2131,1643,A,B
2132,1634,D,C
2132,1644,C,A
2133,1644,A,B
2134,1646,A,B
2136,1643,C,A
2136,1653,A,B
2137,1650,A,B
2138,1650,A,B
2139,1633,D,C
2140,1642,D,B
2141,1646,A,B
2142,1643,A,B
2143,1640,C,A
2143,1646,A,B
2144,1645,C,B
2145,1636,C,D
2145,1649,D,B
2146,1636,C,D
2146,1649,D,B
2147,1647,D,B
2148,1654,A,B
2149,1655,D,B
2150,1649,A,B
2151,1649,D,B
2152,1647,A,B
2153,1657,D,B
2155,1649,A,B
2157,1653,A,B
2158,1651,C,D
2159,1644,C,A
2160,1652,C,D
2161,1648,A,C
2161,1666,C,D
2163,1656,C,D
2165,1668,A,B
2166,1653,D,C
2169,1651,D,C
2170,1665,C,A
2171,1664,C,A
2172,1661,D,B
2174,1664,C,D
2176,1658,D,C
2176,1667,C,A
2180,1683,D,B
2181,1673,A,C
2181,1682,C,D
2182,1666,A,C
2184,1681,A,B
2186,1678,C,A
2189,1673,C,D
2193,1690,A,D
2194,1692,C,D
2197,1687,C,A
2197,1700,A,B
2198,1692,C,A
2201,1686,A,C
2201,1693,C,D
2202,1694,C,D
2204,1705,D,B
2206,1689,D,C
2207,1701,C,A
2208,1702,C,A
2210,1712,C,A
2212,1703,D,C
2214,1722,C,D
2215,1721,D,B
2218,1713,C,A
2218,1723,A,B
2219,1717,D,B
2221,1712,A,C
2221,1721,C,D
2224,1711,C,D
2225,1712,D,C
2225,1722,C,A
2227,1720,D,B
2230,1721,D,B
2232,1723,C,D
2232,1728,D,B
2233,1724,D,B
2234,1726,C,D
2236,1725,C,A
2238,1737,C,D
2240,1725,C,A
2240,1733,A,B
2244,1738,C,D
2245,1734,C,D
2246,1731,A,C
2246,1738,C,D
2247,1735,C,D
2248,1730,A,C
2249,1729,C,A
2251,1742,C,A
2253,1745,C,D
2254,1742,C,D
2256,1748,D,B
2257,1740,D,C
2257,1748,C,A
2258,1742,C,D
2259,1750,C,D
2259,1758,D,B
2260,1755,A,B
2261,1763,C,D
2262,1759,C,D
2263,1760,D,B
2265,1761,D,B
2268,1753,D,C
2269,1752,A,C
2269,1766,C,D
2270,1755,C,D
2271,1777,C,D
2273,1760,C,A
2275,1775,A,B
2276,1764,A,C
2277,1775,C,A
2277,1782,A,B
2279,1781,A,B
2286,1794,D,B
2287,1782,A,C
2287,1789,C,D
2288,1790,A,B
2290,1796,C,D
2291,1791,C,A
2293,1802,C,D
2296,1798,C,A
2297,1792,D,C
2297,1797,C,A
2298,1798,D,B
2302,1804,C,D
2303,1793,C,A
2303,1803,A,B
2305,1794,D,C
2307,1810,C,D
2308,1805,D,B
2310,1800,C,D
2310,1809,D,B
2313,1810,A,B
2314,1807,C,D
2314,1812,D,B
2318,1824,C,B
2322,1809,A,C
2322,1821,C,D
2326,1819,A,B
2327,1820,C,A
2329,1811,C,A
2329,1824,A,B
2332,1824,A,C
2332,1835,C,D
2334,1820,D,C
2335,1832,C,D
2336,1832,C,A
2337,1838,C,A
2342,1831,C,D
2342,1841,D,B
2343,1837,A,B
2344,1838,C,D
2345,1832,C,A
2345,1844,A,B
2347,1847,C,D
2348,1841,A,C
2348,1851,C,D
2349,1847,D,A
2350,1835,A,C
2350,1852,C,D
2353,1849,C,D
2355,1841,A,C
2355,1855,C,D
2359,1851,D,B
2361,1844,D,C
2361,1854,C,A
2363,1854,D,B
2364,1849,C,D
2365,1864,D,B
2369,1853,A,C
2370,1862,C,A
2370,1873,A,B
2372,1857,D,C
2373,1857,A,C
2373,1873,C,D
2374,1862,C,D
2375,1869,C,D
2376,1862,A,C
2376,1873,C,D
2377,1867,A,C
2377,1875,C,D
2378,1876,A,B
2380,1863,C,D
2382,1877,C,A
2383,1863,C,A
2391,1878,C,D
2391,1890,D,B
2395,1893,C,D
2396,1881,A,C
2396,1894,C,D
2398,1890,A,D
2399,1892,D,B
2400,1887,A,C
2400,1897,C,D
2401,1902,C,A
2404,1904,C,D
2406,1908,D,B
2407,1909,C,D
2410,1899,C,D
2412,1907,C,D
2413,1900,C,D
2416,1910,C,A
2417,1920,C,A
2420,1911,C,D
2421,1925,A,D
2424,1921,A,C
2424,1933,C,D
2426,1927,C,D
2428,1935,C,D
2429,1919,A,C
2430,1922,C,D
2432,1926,A,C
2432,1935,C,D
2433,1940,C,A
2434,1933,A,B
2437,1941,C,A
2439,1928,D,C
2439,1940,C,A
2443,1942,D,C
2443,1947,C,A
2444,1938,A,C
2445,1951,A,B
2446,1939,C,D
2447,1942,A,C
2448,1953,A,B
2449,1959,C,D
2451,1956,C,A
2455,1961,C,D
2457,1951,D,C
2457,1958,C,A
2458,1955,D,B
2460,1962,C,D
2461,1967,D,B
2463,1973,C,D
2464,1964,C,A
2465,1970,D,B
2466,1970,A,D
2469,1977,C,A
2470,1965,C,A
2470,1979,A,B
2474,1970,A,C
2475,1969,D,C
2476,1979,C,A
2478,1977,D,B
2479,1984,A,B
2480,1985,C,A
2484,1986,A,B
2488,1986,C,D
2490,1993,C,A
2492,1983,A,C
2492,1990,C,D
2493,1983,C,A
2494,1992,C,D
2495,1982,D,C
2496,2001,C,A
2497,1998,C,D
2498,1991,D,C
2498,2003,C,A
2501,1992,D,C
2501,2003,C,A
2503,1997,D,C
2503,2003,C,A
2508,2006,A,D
2509,2007,D,C
2509,2012,C,A
2510,2005,C,A
2510,2012,A,B
2511,2013,C,D
2513,2008,D,C
2513,2016,C,A
2514,2014,C,A
2515,2009,A,C
2515,2016,C,D
2516,2015,C,A
2517,2023,D,B
2520,2010,C,A
2520,2020,A,B
2523,2013,C,A
2526,2032,C,D
2528,2037,D,B
2530,2029,C,A
2530,2038,A,B
2531,2033,D,B
2532,2036,A,B
2534,2030,C,A
2535,2041,D,B
2536,2034,C,A
2536,2045,A,B
2537,2045,D,B
2539,2042,C,D
2540,2039,C,A
2540,2050,A,B
2542,2047,A,D
2545,2045,C,A
2546,2053,C,D
2547,2054,C,A
2548,2057,C,A
2549,2059,C,A
2552,2060,C,A
2553,2058,C,D
2553,2068,D,B
2554,2068,C,A
2557,2061,D,B
2558,2071,C,A
2560,2065,C,A
2561,2076,C,A
2564,2060,C,A
2565,2077,C,D
2566,2068,D,C
2566,2074,C,A
2567,2078,A,D
2568,2069,D,C
2568,2081,C,A
2569,2077,C,A
2573,2071,A,C
2574,2079,A,D
2575,2080,A,B
2577,2080,D,B
2578,2076,D,C
2578,2082,C,A
2580,2084,D,C
2580,2094,C,A
2581,2094,C,D
2582,2084,C,D
2583,2091,C,A
2587,2090,C,D
2587,2103,D,B
2588,2093,C,A
2589,2091,C,A
2589,2104,A,B
2590,2088,C,A
2591,2086,C,A
2594,2100,A,C
2594,2105,C,D
2596,2102,C,D
2596,2107,D,B
2597,2105,A,B
2599,2107,C,A
2600,2113,C,A
2601,2121,C,A
2603,2104,D,C
2603,2114,C,A
2605,2116,C,A
2607,2114,C,D
2608,2119,D,B
2610,2122,D,B
2611,2107,C,D
2612,2111,A,C
2612,2126,C,D
2615,2123,C,A
2616,2115,C,A
2616,2129,A,B
2619,2120,D,C
2619,2136,C,A
2620,2132,C,A
2623,2119,A,C
2624,2122,C,A
2624,2129,A,B
2625,2125,A,C
2625,2132,C,D
2626,2135,C,D
2627,2128,D,C
2627,2141,C,A
2628,2123,C,A
2630,2133,C,A
2632,2137,A,B
2633,2141,D,B
2634,2143,A,D
2640,2137,C,A
2640,2147,A,B
2641,2154,A,B
2642,2137,D,C
2642,2146,C,A
2643,2142,D,C
2643,2147,C,A
2646,2150,C,A
2648,2156,A,B
2651,2161,C,D
2653,2150,D,C
2653,2159,C,A
2654,2158,D,B
2656,2165,C,A
2657,2154,D,C
2658,2159,C,D
2659,2165,C,D
2660,2168,C,A
2661,2176,C,D
2663,2163,D,C
2663,2174,C,A
2665,2176,C,B
2666,2162,C,D
2668,2173,C,A
2671,2173,C,A
2672,2174,D,C
2672,2185,C,A
2673,2179,C,A
2675,2169,C,A
2675,2183,A,B
2677,2172,C,A
2678,2178,D,B
2680,2173,C,D
2680,2181,D,B
2681,2173,D,C
2681,2181,C,A
2682,2176,C,D
2682,2188,D,B
2683,2185,A,B
2684,2187,D,B
2686,2194,A,B
2689,2187,C,D
2691,2187,C,D
2691,2196,D,B
2692,2187,C,A
2694,2180,D,C
2694,2188,C,A
2698,2199,A,B
2699,2198,C,A
2700,2195,C,A
2701,2192,C,A
2704,2204,D,B
2705,2200,C,D
2706,2199,A,B
2707,2191,D,C
2707,2207,C,A
2708,2204,A,B
2709,2206,D,C
2709,2213,C,A
2710,2197,C,D
2710,2204,D,B
2711,2197,D,C
2711,2210,C,A
2712,2207,A,B
2713,2214,C,A
2714,2207,C,A
2715,2197,A,C
2715,2204,C,D
2716,2197,A,C
2716,2208,C,D
2717,2207,A,C
2717,2215,C,D
2718,2207,D,B
2719,2215,C,A
2722,2204,D,C
2722,2210,C,A
2723,2207,C,D
2724,2210,C,D
2725,2219,C,A
2728,2214,A,B
2729,2211,C,A
2729,2219,A,B
2730,2217,A,B
2738,2224,C,A
2740,2222,C,A
2741,2216,D,C
2741,2227,C,A
2743,2218,C,A
2744,2233,C,A
2745,2230,D,B
2746,2226,A,C
2746,2231,C,D
2747,2232,C,D
2748,2229,C,D
2750,2231,C,A
2751,2240,C,A
2752,2229,A,C
2752,2235,C,D
2753,2236,D,A
2758,2233,C,D
2759,2247,D,B
2762,2241,D,C
2762,2251,C,A
2763,2239,A,C
2763,2251,C,D
2764,2253,A,B
2766,2249,C,A
2766,2256,A,B
2767,2243,C,A
2767,2252,A,B
2768,2250,D,B
2769,2256,D,B
2770,2257,D,B
2771,2242,C,A
2771,2251,A,B
2772,2249,C,A
2772,2256,A,B
2773,2253,D,B
2774,2245,C,A
2774,2260,A,B
2775,2248,C,D
2775,2262,D,B
2776,2253,C,A
2777,2246,D,C
2777,2266,C,A
2778,2259,D,B
2779,2264,A,B
2780,2258,D,B
2781,2259,C,A
2782,2256,C,D
2782,2261,D,B
2783,2265,A,B
2785,2259,A,B
2786,2256,D,B
2787,2256,A,B
2790,2261,A,B
2791,2259,D,B
2793,2252,C,D
2793,2269,D,B
2794,2257,C,A
2794,2269,A,B
2795,2264,A,B
2796,2261,D,B
2797,2264,D,B
2799,2264,D,B
2800,2258,C,D
2800,2271,D,B
2801,2268,A,B
2802,2269,A,B
2803,2267,D,B
2804,2271,C,A
2805,2262,A,C
2806,2271,D,B
2807,2265,D,C
2807,2271,C,A
2808,2265,A,C
2808,2280,C,D
2809,2262,A,C
2810,2275,A,B
2812,2273,C,A
2812,2281,A,B
2813,2271,C,A
2813,2282,A,B
2814,2278,D,B
2815,2273,A,B
2816,2273,D,B
2817,2284,A,B
2818,2282,A,B
2820,2278,A,B
2821,2272,C,D
2821,2282,D,B
2822,2277,D,B
2823,2267,C,D
2824,2276,D,B
2825,2281,D,B
2826,2272,C,A
2826,2282,A,B
2827,2280,C,A
2827,2289,A,B
2828,2284,A,B
2829,2287,D,B
2830,2274,C,A
2830,2286,A,B
2832,2274,C,A
2832,2288,A,B
2834,2283,D,B
2835,2288,A,B
2836,2285,C,A
2837,2285,D,B
2838,2278,C,A
2838,2286,A,B
2839,2293,D,B
2842,2277,A,C
2843,2288,A,B
2845,2289,A,B
2846,2289,C,D
2846,2298,D,B
2847,2291,A,B
2848,2282,C,D
2848,2292,D,B
2849,2293,A,B
2850,2284,D,C
2850,2291,C,A
2851,2291,A,B
2852,2290,A,B
2854,2300,D,B
2855,2297,C,D
2856,2297,A,B
2857,2286,C,A
2857,2292,A,B
2858,2292,A,B
2859,2287,A,C
2859,2292,C,D
2860,2288,A,C
2860,2305,C,D
2861,2297,A,B
2862,2286,C,D
2862,2295,D,B
2863,2303,A,B
2864,2298,A,B
2865,2295,C,D
2866,2297,C,A
2866,2309,A,B
2867,2303,A,B
2868,2307,A,B
2870,2301,D,B
2871,2290,C,D
2871,2298,D,B
2872,2304,D,B
2873,2302,D,B
2874,2305,C,A
2877,2304,D,B
2878,2306,D,B
2879,2311,D,B
2880,2308,C,B
2881,2298,A,C
2881,2306,C,D
2883,2305,D,B
2884,2301,C,A
2884,2307,A,B
2885,2305,D,B
2886,2317,A,B
2887,2305,D,B
2892,2299,C,A
2892,2307,A,B
2893,2311,D,B
2894,2309,C,D
2896,2301,A,C
2898,2317,D,B
2899,2305,C,D
2899,2316,D,B
2900,2319,A,B
2901,2305,C,D
2901,2317,D,B
2904,2311,C,A
2904,2319,A,B
2905,2321,A,B
2907,2305,C,D
2907,2321,D,B
2908,2312,C,D
2908,2320,D,B
2909,2321,A,B
2910,2321,A,B
2911,2317,D,B
2912,2318,A,B
2913,2310,C,D
2913,2324,D,B
2914,2327,D,B
2915,2322,D,B
2916,2312,C,A
2917,2318,C,D
2917,2327,D,B
2918,2322,A,B
2919,2322,A,B
2920,2322,D,B
2921,2324,D,B
2923,2330,D,B
2924,2329,D,B
2925,2327,A,B
2926,2325,D,C
2926,2334,C,A
2927,2328,D,B
2928,2316,C,D
2928,2334,D,B
2929,2318,C,D
2929,2329,D,B
2930,2323,C,A
2930,2332,A,B
2932,2326,C,A
2932,2334,A,B
2934,2330,D,B
2935,2321,C,A
2936,2332,D,B
2937,2336,D,B
2938,2337,D,B
2939,2330,D,B
2940,2339,D,B
2941,2342,C,A
2943,2336,D,B
2944,2344,A,B
2945,2335,A,B
2946,2339,C,A
2947,2331,C,D
2947,2346,D,B
2948,2340,A,B
2949,2330,A,C
2950,2333,C,A
2950,2346,A,B
2951,2339,D,B
2953,2333,C,D
2953,2351,D,B
2954,2338,C,A
2954,2349,A,B
2955,2340,D,B
2956,2334,C,A
2956,2345,A,B
2957,2352,D,B
2958,2349,A,B
2960,2339,C,D
2960,2353,D,B
2961,2339,C,D
2961,2345,D,B
2962,2336,A,C
2962,2348,C,D
2963,2343,C,A
2964,2347,A,B
2966,2346,C,D
2967,2343,A,B
2968,2338,C,D
2968,2352,D,B
2969,2347,A,B
2970,2340,C,D
2970,2353,D,B
2971,2349,D,B
2972,2343,A,B
2974,2346,D,B
2976,2340,C,A
2976,2357,A,B
2977,2341,A,C
2978,2352,C,D
2979,2347,D,B
2980,2348,A,B
2981,2358,D,B
2982,2348,A,B
2983,2351,A,B
2984,2355,A,B
2985,2354,D,B
2986,2358,D,B
2987,2350,D,C
2987,2357,C,A
2990,2346,C,D
2990,2359,D,B
2991,2345,C,A
2991,2356,A,B
2992,2345,C,D
2993,2354,C,A
2993,2362,A,B
2994,2354,D,B
2995,2357,A,B
2996,2364,A,B
2997,2351,C,A
2997,2364,A,B
2998,2351,C,D
3000,2359,D,B
3001,2359,A,B
3002,2349,C,D
3002,2360,D,B
3003,2351,C,D
3003,2369,D,B
3004,2364,D,B
3005,2359,A,B
3007,2360,C,D
3008,2354,C,A
3008,2370,A,B
3009,2356,C,D
3009,2372,D,B
3010,2352,C,A
3010,2362,A,B
3011,2365,A,B
3012,2362,D,B
3013,2365,D,B
3014,2364,D,B
3015,2367,A,B
3016,2357,C,D
3016,2370,D,B
3017,2371,D,B
3018,2366,C,D
3018,2373,D,B
3019,2358,C,D
3019,2367,D,B
3020,2367,D,B
3022,2366,C,D
3023,2371,A,B
3024,2366,A,C
3024,2374,C,D
3025,2368,C,D
3027,2377,C,D
3028,2368,A,B
3029,2369,A,B
3032,2368,A,B
3033,2367,D,B
3034,2372,C,A
3035,2376,A,B
3036,2363,D,C
3036,2374,C,A
3037,2370,D,B
3038,2371,D,B
3040,2371,A,B
3041,2364,A,C
3042,2373,A,B
3043,2364,C,A
3043,2378,A,B
3044,2377,A,B
3045,2372,C,A
3045,2381,A,B
3046,2382,A,B
3047,2377,C,A
3048,2377,D,B
3049,2378,D,B
3050,2368,C,A
3050,2377,A,B
3051,2384,D,B
3052,2369,A,C
3055,2369,C,D
3055,2379,D,B
3056,2375,C,A
3056,2381,A,B
3057,2383,D,B
3058,2374,C,D
3058,2389,D,B
3059,2385,A,B
3060,2379,A,B
3061,2382,A,B
3062,2379,C,D
3064,2382,A,B
3066,2382,A,B
3067,2379,C,D
3067,2387,D,B
3068,2383,C,D
3069,2381,A,B
3070,2380,C,D
3070,2388,D,B
3071,2382,C,A
3072,2383,A,B
3073,2383,C,D
3074,2386,D,B
3075,2378,C,A
3075,2384,A,B
3077,2391,A,B
3078,2395,A,B
3079,2386,D,B
3080,2381,C,A
3080,2395,A,B
3081,2390,A,B
3082,2388,C,D
3083,2382,C,A
3083,2393,A,B
3084,2387,C,D
3084,2395,D,B
3085,2397,C,A
3087,2398,D,B
3088,2391,D,B
3089,2397,A,B
3090,2390,C,D
3090,2396,D,B
3091,2386,C,D
3091,2404,D,B
3093,2396,D,B
3094,2400,D,B
3096,2397,D,B
3097,2403,A,B
3098,2406,A,B
3100,2396,A,B
3101,2397,A,B
3102,2390,D,C
3103,2399,C,A
3104,2398,D,B
3105,2396,C,D
3105,2404,D,B
3107,2400,D,B
3108,2403,A,B
3109,2401,A,B
3110,2395,C,D
3110,2408,D,B
3111,2407,C,D
3114,2404,C,A
3115,2403,D,B
3117,2410,D,B
3118,2404,C,D
3120,2408,A,B
3122,2409,D,B
3123,2411,D,B
3124,2407,C,A
3125,2409,A,B
3127,2416,C,D
3128,2403,D,C
3129,2411,A,B
3130,2416,A,B
3131,2407,C,A
3131,2414,A,B
3132,2420,A,B
3133,2422,A,B
3135,2415,D,B
3138,2415,C,B
3139,2424,A,B
3140,2416,D,B
3141,2418,D,B
3143,2412,C,A
3143,2427,A,B
3146,2417,C,D
3147,2410,C,A
3147,2421,A,B
3148,2422,A,B
3149,2410,A,C
3149,2423,C,D
3150,2410,D,C
3152,2410,C,D
3152,2418,D,B
3153,2426,A,B
3155,2418,C,A
3155,2425,A,B
3156,2421,A,B
3157,2419,C,D
3157,2428,D,B
3158,2419,D,C
3158,2426,C,A
3159,2426,A,B
3160,2424,D,B
3161,2426,A,B
3162,2432,D,B
3163,2429,A,B
3164,2419,C,A
3164,2426,A,B
3167,2418,C,A
3167,2429,A,B
3168,2421,C,A
3168,2435,A,B
3169,2430,C,A
3170,2437,D,B
3171,2435,D,B
3172,2423,C,D
3172,2439,D,B
3173,2429,D,B
3174,2433,D,B
3175,2424,D,C
3176,2430,D,B
3177,2424,C,A
3178,2437,D,B
3179,2441,A,B
3180,2425,C,D
3180,2435,D,B
3181,2431,D,C
3181,2438,C,A
3182,2433,C,B
3183,2435,A,B
3184,2444,D,B
3185,2442,D,B
3186,2439,A,B
3189,2431,C,A
3190,2444,D,B
3191,2443,D,B
3192,2441,D,B
3193,2449,A,B
3194,2444,A,B
3195,2450,C,D
3195,2455,D,B
3197,2444,D,B
3198,2446,C,D
3199,2445,D,B
3200,2446,D,B
3203,2440,C,D
3203,2455,D,B
3204,2451,C,D
3205,2457,C,D
3207,2453,D,C
3207,2460,C,A
3208,2459,A,B
3209,2447,C,D
3209,2457,D,B
3210,2456,A,B
3211,2456,C,A
3213,2452,C,A
3213,2465,A,B
3215,2453,C,D
3215,2460,D,B
3216,2460,D,B
3217,2462,D,B
3218,2452,D,C
3220,2452,A,C
3221,2459,A,B
3222,2472,D,B
3223,2452,C,D
3224,2467,C,A
3225,2461,D,B
3226,2466,D,B
3227,2464,A,B
3228,2474,D,B
3229,2466,D,B
3230,2466,D,B
3231,2470,A,B
3232,2463,C,A
3233,2463,C,D
3233,2474,D,B
3234,2467,C,B
3235,2472,A,B
3237,2473,D,B
3238,2466,D,B
3241,2473,C,B
3242,2464,D,C
3243,2475,A,B
3244,2462,C,D
3244,2472,D,B
3245,2466,C,D
3245,2477,D,B
3246,2465,C,A
3246,2482,A,B
3247,2476,D,B
3248,2480,D,B
3249,2481,D,B
3250,2475,C,D
3252,2477,C,D
3253,2467,C,D
3253,2477,D,B
3254,2475,D,B
3255,2482,A,B
3256,2473,C,A
3256,2479,A,B
3257,2478,A,B
3260,2471,C,D
3261,2486,C,D
3262,2487,D,B
3263,2484,D,B
3264,2486,D,B
3265,2480,A,C
3265,2488,C,D
3267,2475,C,D
3268,2489,D,A
3269,2488,A,B
3270,2489,C,A
3271,2478,C,A
3271,2488,A,B
3272,2479,C,A
3272,2491,A,B
3273,2486,C,D
3274,2480,C,A
3275,2484,C,D
3275,2494,D,B
3276,2484,C,D
3276,2490,D,B
3277,2491,A,B
3281,2491,D,B
3282,2484,C,A
3282,2496,A,B
3283,2490,A,B
3284,2485,C,A
3285,2484,C,D
3285,2498,D,B
3286,2496,A,B
3287,2498,D,B
3288,2495,C,A
3289,2494,A,B
3291,2487,C,D
3291,2496,D,B
3292,2492,C,D
3292,2501,D,B
3293,2494,D,B
3296,2493,C,A
3296,2507,A,B
3297,2491,C,D
3297,2500,D,B
3298,2488,C,D
3298,2497,D,B
3299,2500,A,B
3300,2496,D,B
3301,2504,A,B
3303,2500,A,B
3304,2498,D,B
3305,2493,C,D
3305,2504,D,B
3306,2504,A,B
3307,2506,C,A
3307,2514,A,B
3308,2500,C,D
3308,2509,D,B
3309,2505,D,B
3310,2501,C,A
3310,2510,A,B
3311,2503,C,D
3311,2517,D,B
3312,2508,C,D
3312,2514,D,B
3313,2507,A,B
3314,2515,A,B
3315,2509,D,B
3316,2511,D,B
3317,2502,C,A
3319,2505,C,D
3319,2522,D,B
3320,2522,A,B
3321,2514,D,B
3322,2511,A,B
3325,2516,A,B
3326,2513,C,D
3328,2516,A,B
3329,2513,C,A
3333,2515,A,B
3334,2509,C,D
3334,2517,D,B
3335,2507,C,D
3335,2520,D,B
3336,2508,C,A
3336,2521,A,B
3337,2517,D,B
3338,2512,C,D
3338,2526,D,B
3339,2522,A,B
3340,2516,A,B
3341,2509,C,D
3341,2519,D,B
3342,2519,D,B
3343,2525,C,D
3344,2519,C,D
3344,2526,D,B
3345,2526,D,B
3347,2529,C,D
3349,2529,A,B
3350,2525,D,B
3351,2517,C,A
3351,2528,A,B
3352,2526,D,B
3353,2526,C,D
3353,2537,D,B
3354,2530,D,B
3355,2521,C,D
3355,2530,D,B
3356,2539,D,B
3357,2532,C,A
3358,2525,C,A
3358,2540,A,B
3359,2525,C,A
3359,2535,A,B
3360,2528,C,A
3360,2542,A,B
3361,2535,D,B
3362,2541,A,B
3363,2544,C,A
3364,2536,D,B
3365,2537,C,A
3366,2545,A,B
3367,2544,D,B
3368,2531,C,A
3368,2541,A,B
3369,2537,C,A
3369,2543,A,B
3371,2543,D,B
3372,2538,A,B
3373,2543,C,D
3374,2541,A,B
3375,2539,D,B
3376,2537,C,A
3378,2540,D,B
3379,2531,D,C
3380,2539,A,B
3381,2545,A,B
3382,2544,A,B
3385,2541,C,A
3385,2551,A,B
3386,2548,A,B
3387,2548,D,B
3388,2555,A,B
3389,2549,A,B
3390,2539,C,A
3390,2546,A,B
3391,2558,D,B
3394,2558,C,A
3395,2558,C,D
3398,2566,A,B
3399,2559,D,B
3400,2563,C,D
3401,2551,C,D
3406,2561,C,D
3407,2571,C,D
3408,2567,A,B
3409,2557,A,C
3409,2566,C,D
3410,2559,C,D
3411,2560,D,C
3411,2569,C,A
3412,2573,C,A
3413,2562,D,C
3413,2575,C,A
3414,2561,A,C
3414,2571,C,D
3416,2564,A,C
3416,2582,C,D
3417,2576,D,A
3422,2579,A,B
3423,2575,C,D
3429,2575,A,C
3429,2588,C,D
3432,2580,C,A
3432,2591,A,B
3433,2578,A,C
3433,2589,C,D
3434,2592,A,B
3436,2599,A,B
3437,2598,C,D
3438,2605,C,A
3439,2594,C,D
3439,2601,D,B
3441,2603,C,D
3442,2600,A,D
3443,2595,A,C
3443,2607,C,D
3446,2604,C,D
3449,2602,D,C
3449,2617,C,A
3450,2615,C,D
3454,2604,C,D
3457,2619,C,A
3459,2623,C,D
3460,2610,A,C
3462,2611,A,C
3463,2629,A,B
3467,2634,C,D
3469,2622,C,D
3469,2628,D,B
3471,2621,D,C
3474,2629,A,C
3474,2638,C,D
3475,2628,D,C
3475,2638,C,A
3476,2622,A,C
3477,2631,A,D
3478,2626,A,C
3478,2640,C,D
3479,2631,D,C
3479,2638,C,A
3480,2627,D,C
3482,2627,D,C
3483,2627,C,D
3485,2651,D,B
3493,2649,C,D
3493,2660,D,B
3494,2648,D,C
3494,2662,C,A
3495,2663,C,D
3496,2650,D,C
3496,2666,C,A
3497,2659,C,D
3498,2662,C,A
3499,2663,C,A
3500,2659,C,D
3502,2660,C,D
3502,2666,D,B
3503,2667,D,B
3504,2653,C,A
3505,2659,D,C
3505,2665,C,A
3508,2670,C,D
3511,2677,C,D
3512,2679,C,A
3513,2672,C,D
3514,2667,C,D
3515,2680,A,B
3516,2671,D,C
3518,2674,C,D
3518,2685,D,B
3519,2681,C,D
3521,2681,A,B
3522,2677,A,C
3522,2692,C,D
3525,2675,A,C
3525,2691,C,D
3526,2683,D,B
3531,2689,C,D
3533,2693,A,B
3534,2693,C,D
3535,2683,D,C
3537,2687,D,C
3538,2702,C,D
3540,2704,C,D
3541,2691,C,A
3542,2693,A,C
3543,2701,C,A
3544,2693,A,C
3549,2706,A,C
3550,2708,A,C
3552,2718,C,D
3553,2724,A,B
3555,2727,D,B
3557,2727,D,C
3557,2735,C,A
3558,2730,C,A
3560,2727,A,C
3560,2738,C,D
3563,2734,D,B
3566,2729,C,D
3566,2736,D,B
3567,2744,A,B
3568,2736,C,D
3571,2736,A,C
3573,2757,C,D
3577,2750,C,A
3580,2755,D,B
3581,2742,C,D
3581,2753,D,B
3582,2750,D,C
3582,2756,C,A
3584,2757,D,B
3586,2759,C,D
3589,2764,A,B
3591,2753,C,D
3592,2755,D,C
3592,2766,C,A
3593,2770,D,B
3595,2767,C,D
3596,2765,D,B
3598,2758,C,D
3599,2763,A,C
3599,2775,C,D
3600,2769,C,D
3601,2772,C,D
3603,2776,A,D
3604,2782,C,D
3605,2768,D,C
3605,2779,C,A
3607,2777,C,D
3610,2787,C,D
3612,2783,C,D
3613,2785,A,B
3615,2777,C,D
3615,2785,D,B
3616,2777,D,C
3620,2786,A,C
3620,2792,C,D
3622,2789,C,A
3622,2806,A,B
3624,2797,D,B
3625,2791,C,A
3625,2803,A,B
3626,2801,C,A
3627,2798,C,D
3627,2806,D,B
3636,2817,C,D
3641,2818,C,D
3644,2830,D,B
3645,2830,A,C
3645,2836,C,D
3648,2838,C,D
3649,2835,C,D
3650,2828,A,C
3651,2830,D,C
3652,2838,C,D
3653,2841,D,B
3654,2838,C,D
3655,2840,C,D
3656,2833,D,C
3656,2843,C,A
3657,2839,A,C
3657,2853,C,D
3659,2850,C,D
3660,2835,C,D
3663,2840,D,C
3664,2836,C,D
3666,2849,D,B
3670,2850,C,D
3671,2849,C,D
3676,2846,D,C
3676,2862,C,A
3677,2860,C,A
3678,2857,D,B
3679,2852,C,A
3680,2863,D,B
3681,2861,C,A
3681,2868,A,B
3682,2854,D,C
3683,2855,A,C
3683,2861,C,D
3685,2862,C,A
3686,2858,A,C
3686,2865,C,D
3687,2856,C,D
3687,2864,D,B
3688,2856,A,C
3688,2864,C,D
3689,2863,D,B
3694,2861,C,D
3696,2869,A,B
3701,2871,C,D
3701,2878,D,B
3702,2875,C,A
3703,2867,C,A
3708,2884,D,B
3709,2872,C,D
3710,2890,D,B
3711,2885,C,D
3713,2882,D,C
3713,2887,C,A
3716,2887,D,B
3719,2895,C,A
3720,2888,A,B
3722,2890,C,D
3723,2898,C,A
3724,2884,A,C
3727,2886,A,C
3727,2896,C,D
3729,2902,C,A
3731,2889,D,C
3733,2892,D,C
3733,2901,C,A
3734,2889,C,A
3739,2907,A,B
3740,2905,D,C
3740,2913,C,A
3743,2915,C,A
3745,2917,C,D
3746,2901,C,A
3750,2908,C,D
3750,2915,D,B
3752,2910,C,A
3752,2918,A,B
3755,2921,C,A
3756,2919,C,A
3763,2923,D,B
3765,2917,C,D
3765,2923,D,B
3767,2934,D,B
3768,2918,C,A
3770,2918,C,A
3771,2936,A,B
3773,2937,C,A
3775,2936,D,B
3776,2935,C,D
3778,2939,A,B
3779,2942,C,A
3781,2947,C,A
3782,2939,D,C
3782,2951,C,A
3783,2943,C,A
3784,2936,C,A
3785,2946,C,A
3786,2950,D,B
3787,2941,A,C
3787,2956,C,D
3789,2940,C,D
3789,2948,D,B
3790,2947,C,A
3791,2940,A,C
3791,2956,C,D
3792,2956,C,A
3794,2949,A,C
3794,2958,C,D
3796,2942,C,D
3799,2946,D,C
3799,2963,C,A
3800,2944,D,C
3800,2956,C,A
3801,2944,D,C
3801,2954,C,A
3802,2947,C,A
3802,2961,A,B
3805,2951,D,C
3805,2959,C,A
3806,2963,A,B
3807,2953,D,C
3807,2959,C,A
3808,2950,D,C
3808,2963,C,A
3809,2952,A,C
3809,2964,C,D
3811,2950,D,C
3811,2962,C,A
3812,2952,D,C
3812,2959,C,A
3815,2952,C,D
3816,2966,A,B
3819,2958,A,C
3819,2964,C,D
3820,2967,D,B
3821,2970,D,C
3821,2977,C,A
3823,2973,C,D
3826,2974,C,A
3827,2977,C,A
3831,2977,C,A
3832,2979,C,A
3833,2981,D,B
3834,2970,D,C
3837,2984,D,B
3839,2984,C,D
3839,2994,D,B
3840,2972,A,C
3841,2974,D,C
3843,2985,A,D
3844,2975,C,A
3846,2983,D,B
3848,2981,C,D
3848,2987,D,B
3849,2978,C,D
3849,2995,D,B
3852,2993,C,A
3855,2983,A,C
3857,2991,D,C
3857,3003,C,A
3862,2997,A,C
3862,3003,C,D
3869,2998,C,A
3869,3006,A,B
3870,3002,C,A
3874,3007,C,A
3875,3011,C,A
3877,2998,D,C
3878,3011,C,A
3879,3000,A,C
3879,3015,C,D
3880,3012,C,D
3884,3013,C,D
3884,3019,D,B
3885,3022,C,A
3887,3005,C,A
3890,3018,C,D
3890,3025,D,B
3891,3019,C,A
3892,3026,C,A
3894,3012,C,A
3894,3024,A,B
3895,3026,C,D
3896,3025,C,A
3897,3017,C,D
3899,3020,C,A
3899,3029,A,B
3900,3034,D,B
3902,3033,C,A
3903,3039,A,B
3904,3022,C,A
3905,3024,D,C
3906,3032,D,C
3906,3042,C,A
3907,3033,A,B
3908,3043,A,B
3909,3031,A,C
3910,3039,C,D
3911,3033,A,C
3911,3045,C,D
3913,3047,D,C
3913,3054,C,A
3914,3034,D,C
3916,3036,D,C
3918,3039,D,C
3918,3048,C,A
3919,3043,C,D
3919,3056,D,B
3920,3037,C,A
3921,3056,C,D
3922,3055,C,A
3926,3042,C,D
3927,3049,C,A
3930,3053,C,A
3931,3048,A,C
3931,3064,C,D
3932,3051,C,A
3933,3057,D,B
3935,3058,C,A
3937,3056,C,D
3938,3051,C,D
3938,3059,D,B
3939,3053,C,D
3939,3061,D,B
3942,3063,C,A
3944,3061,C,A
3945,3061,D,B
3946,3063,D,B
3948,3056,D,C
3948,3066,C,A
3950,3058,C,D
3951,3064,A,C
3951,3069,C,D
3952,3063,C,A
3953,3068,C,D
3953,3083,D,B
3955,3078,C,D
3957,3082,C,A
3958,3078,C,A
3961,3077,D,C
3962,3077,D,C
3962,3086,C,A
3963,3081,D,C
3963,3087,C,A
3964,3087,C,D
3967,3078,A,C
3968,3092,C,D
3970,3090,A,B
3971,3083,A,C
3971,3092,C,D
3973,3093,A,B
3975,3096,C,A
3976,3101,A,B
3978,3100,A,B
3980,3091,C,A
3981,3106,A,B
3982,3108,A,B
3985,3107,A,B
3986,3113,A,B
3988,3097,D,C
3988,3111,C,A
3989,3099,A,C
3990,3111,C,D
3991,3115,C,D
3992,3115,C,D
3993,3100,C,A
3994,3120,C,A
3996,3105,A,C
3997,3116,C,D
4000,3112,C,D
4001,3119,C,A
4002,3110,C,D
4003,3122,D,C
4003,3131,C,A
4004,3120,C,A
4006,3128,D,B
4007,3127,D,B
4008,3124,C,D
4008,3132,D,B
4011,3125,A,C
4011,3133,C,D
4012,3127,C,A
4015,3131,C,A
4016,3135,C,A
4017,3141,C,D
4019,3125,C,D
4020,3139,D,B
4021,3124,D,C
4022,3139,C,A
4024,3129,D,C
4024,3138,C,A
4025,3133,C,A
4027,3129,C,D
4028,3134,C,D
4030,3139,C,D
4032,3132,D,C
4032,3147,C,A
4033,3145,A,B
4036,3143,C,D
4037,3144,C,A
4038,3146,D,B
4040,3140,D,C
4040,3147,C,A
4041,3144,D,C
4041,3156,C,A
4042,3141,C,A
4042,3154,A,B
4044,3147,C,A
4045,3138,A,C
4045,3149,C,D
4048,3154,A,B
4049,3152,D,B
4050,3153,D,B
4052,3154,A,B
4053,3157,A,B
4054,3162,D,B
4055,3156,D,B
4056,3149,A,C
4056,3161,C,D
4058,3150,C,A
4058,3156,A,B
4059,3154,C,A
4060,3156,A,B
4061,3156,C,A
4061,3163,A,B
4064,3166,A,B
4065,3152,C,D
4065,3161,D,B
4066,3168,D,B
4068,3161,D,B
4069,3161,A,B
4070,3165,C,A
4071,3168,A,B
4072,3169,D,B
4073,3172,A,B
4075,3164,D,B
4076,3167,D,B
4078,3168,D,B
4079,3162,C,A
4079,3178,A,B
4081,3164,C,D
4081,3173,D,B
4082,3169,D,B
4083,3169,D,B
4084,3177,C,D
4085,3176,C,B
4086,3177,A,B
4087,3171,A,B
4088,3175,C,A
4089,3168,C,A
4089,3180,A,B
4090,3181,C,B
4091,3179,A,B
4092,3166,C,D
4092,3176,D,B
4094,3172,A,C
4095,3176,C,B
4096,3182,D,B
4098,3183,A,B
4100,3184,A,B
4101,3184,D,B
4102,3183,D,B
4103,3188,D,B
4104,3174,C,D
4104,3182,D,B
4105,3185,D,B
4106,3172,C,A
4106,3181,A,B
4107,3172,C,D
4107,3183,D,B
4108,3186,C,A
4109,3188,D,B
4110,3182,D,B
4111,3192,A,B
4112,3181,C,D
4112,3189,D,B
4115,3185,C,D
4115,3191,D,B
4116,3191,D,B
4118,3193,A,B
4119,3198,A,B
4120,3198,D,B
4122,3199,D,B
4123,3200,A,B
4125,3201,A,B
4127,3208,A,B
4128,3198,C,A
4128,3206,A,B
4129,3191,A,C
4129,3200,C,D
4130,3191,C,D
4130,3207,D,B
4131,3193,C,D
4131,3202,D,B
4132,3202,D,B
4133,3197,C,A
4133,3210,A,B
4134,3203,D,B
4136,3205,D,B
4138,3212,A,B
4139,3213,C,D
4140,3213,C,B
4141,3215,C,A
4141,3222,A,B
4142,3212,D,B
4143,3214,C,B
4144,3215,D,B
4145,3217,C,B
4147,3225,C,A
4148,3220,D,B
4150,3210,C,D
4150,3221,D,B
4152,3212,A,C
4152,3223,C,D
4153,3222,D,B
4154,3225,D,B
4155,3221,A,B
4156,3228,C,A
4157,3213,C,A
4157,3221,A,B
4158,3212,C,A
4158,3220,A,B
4159,3214,A,C
4160,3220,D,B
4161,3224,A,C
4161,3232,C,D
4162,3226,D,B
4163,3215,C,D
4163,3225,D,B
4164,3228,A,B
4165,3226,A,B
4166,3230,A,B
4167,3231,A,B
4168,3221,C,A
4168,3230,A,B
4170,3219,A,C
4171,3228,A,B
4172,3236,A,B
4173,3230,A,B
4174,3223,C,A
4174,3234,A,B
4175,3226,C,D
4175,3237,D,B
4176,3230,C,A
4177,3230,A,B
4178,3230,A,B
4179,3230,C,A
4179,3240,A,B
4182,3237,D,B
4183,3243,A,B
4184,3240,D,B
4185,3243,A,B
4187,3241,D,B
4189,3238,C,A
4189,3243,A,B
4190,3236,C,D
4190,3242,D,B
4191,3231,C,A
4191,3251,A,B
4192,3243,A,B
4193,3252,A,B
4194,3240,C,B
4195,3248,A,B
4196,3236,C,D
4196,3245,D,B
4197,3247,C,A
4198,3235,A,C
4199,3247,A,B
4200,3242,A,B
4202,3249,A,B
4203,3248,A,B
4204,3253,A,B
4205,3247,D,B
4206,3240,C,D
4206,3258,D,B
4207,3251,C,D
4208,3240,C,A
4208,3250,A,B
4209,3250,C,A
4211,3250,D,B
4212,3243,C,D
4212,3257,D,B
4213,3258,D,B
4214,3255,D,B
4215,3257,D,B
4216,3252,D,B
4217,3256,A,B
4219,3254,D,B
4220,3252,C,A
4220,3257,A,B
4221,3255,D,B
4222,3255,C,B
4223,3256,C,D
4223,3264,D,B
4224,3259,D,B
4226,3250,C,D
4226,3261,D,B
4227,3261,A,B
4228,3249,C,D
4228,3257,D,B
4229,3254,C,D
4229,3270,D,B
4230,3260,D,B
4231,3260,D,B
4232,3255,C,A
4232,3262,A,B
4233,3262,A,B
4234,3266,D,B
4235,3263,D,B
4236,3261,C,A
4236,3274,A,B
4237,3259,C,D
4237,3264,D,B
4238,3268,A,B
4239,3259,C,D
4239,3266,D,B
4240,3263,C,A
4240,3268,A,B
4241,3263,A,C
4241,3275,C,D
4242,3275,A,B
4243,3268,A,B
4244,3271,A,B
4246,3275,C,D
4247,3265,C,A
4247,3277,A,B
4248,3261,C,D
4248,3274,D,B
4249,3271,C,A
4250,3263,C,A
4250,3271,A,B
4251,3273,A,B
4253,3272,D,B
4254,3264,C,A
4255,3264,C,D
4255,3276,D,B
4256,3264,C,D
4257,3273,C,A
4258,3280,D,B
4259,3275,D,B
4260,3274,C,A
4260,3279,A,B
4261,3268,C,A
4261,3277,A,B
4262,3270,A,C
4262,3278,C,D
4263,3278,A,B
4265,3277,A,B
4266,3273,C,D
4266,3281,D,B
4267,3279,D,B
4268,3278,D,B
4269,3278,C,D
4269,3289,D,B
4270,3287,D,B
4271,3281,C,B
4272,3287,C,D
4273,3282,C,A
4273,3290,A,B
4274,3281,A,B
4275,3292,A,B
4276,3277,C,A
4276,3287,A,B
4277,3274,C,A
4277,3286,A,B
4278,3286,D,B
4279,3277,C,A
4279,3286,A,B
4280,3286,D,B
4281,3276,C,D
4281,3286,D,B
4283,3286,D,B
4285,3285,D,B
4286,3281,D,C
4286,3286,C,A
4287,3289,C,A
4287,3299,A,B
4289,3281,C,D
4289,3288,D,B
4290,3282,C,D
4290,3289,D,B
4291,3293,D,B
4294,3290,A,B
4295,3292,C,D
4295,3297,D,B
4296,3295,D,B
4297,3293,A,B
4299,3299,D,B
4300,3293,D,B
4301,3300,D,B
4302,3294,D,B
4304,3301,A,B
4305,3302,D,B
4307,3297,A,B
4309,3288,D,C
4310,3292,C,A
4310,3302,A,B
4311,3290,C,D
4311,3303,D,B
4312,3306,A,B
4313,3298,C,D
4314,3289,C,A
4314,3309,A,B
4315,3301,D,B
4316,3299,A,B
4317,3295,A,C
4317,3309,C,D
4318,3306,C,A
4319,3302,C,A
4319,3307,A,B
4320,3297,C,A
4320,3303,A,B
4321,3305,A,B
4322,3307,D,B
4323,3311,A,B
4324,3295,D,C
4325,3312,D,B
4326,3305,C,D
4328,3297,D,C
4329,3314,D,B
4330,3316,A,B
4331,3319,D,B
4332,3313,C,D
4333,3313,C,A
4333,3322,A,B
4335,3306,C,D
4335,3313,D,B
4337,3317,A,B
4338,3307,C,A
4338,3317,A,B
4340,3313,C,A
4340,3326,A,B
4342,3316,D,B
4343,3321,A,B
4344,3311,A,C
4344,3328,C,D
4346,3319,C,B
4348,3309,C,A
4348,3318,A,B
4349,3320,D,B
4351,3325,A,B
4352,3317,C,A
4352,3325,A,B
4353,3322,C,A
4354,3314,C,D
4354,3328,D,B
4355,3316,C,A
4355,3326,A,B
4356,3322,D,B
4357,3322,D,B
4358,3324,A,B
4359,3324,C,D
4361,3320,A,C
4361,3334,C,D
4362,3315,D,C
4363,3331,D,B
4364,3330,A,B
4365,3333,A,B
4366,3325,C,A
4367,3328,D,B
4368,3329,D,B
4369,3328,D,B
4370,3328,D,B
4371,3327,A,B
4372,3328,D,B
4373,3335,A,B
4374,3336,C,A
4375,3339,C,D
4376,3324,A,C
4376,3333,C,D
4378,3330,C,D
4378,3338,D,B
4379,3342,A,B
4380,3334,D,B
4382,3334,C,A
4382,3347,A,B
4383,3338,D,B
4384,3328,C,D
4384,3342,D,B
4388,3329,C,D
4389,3339,A,B
4390,3329,D,C
4390,3347,C,A
4391,3343,A,B
4392,3342,D,B
4393,3342,A,B
4394,3339,C,B
4395,3339,A,B
4396,3341,A,B
4397,3342,A,B
4399,3332,C,A
4399,3347,A,B
4400,3345,D,B
4401,3335,C,D
4401,3342,D,B
4402,3337,C,A
4402,3345,A,B
4403,3344,C,A
4405,3342,A,B
4406,3344,D,B
4407,3346,D,B
4408,3343,D,B
4409,3337,C,A
4409,3353,A,B
4411,3343,A,B
4412,3353,D,B
4413,3357,C,B
4415,3343,C,D
4416,3351,C,B
4418,3352,D,B
4419,3350,D,B
4420,3345,C,A
4420,3364,A,B
4422,3344,A,C
4423,3352,A,B
4424,3351,C,A
4424,3360,A,B
4425,3354,D,B
4426,3359,D,B
4427,3355,D,B
4429,3351,C,D
4429,3358,D,B
4430,3357,D,B
4431,3354,C,D
4431,3361,D,B
4432,3352,D,C
4433,3368,D,B
4434,3360,D,B
4436,3358,C,D
4436,3364,D,B
4437,3369,D,B
4438,3360,A,B
4440,3369,C,D
4441,3357,C,D
4441,3364,D,B
4443,3373,A,B
4444,3370,D,B
4445,3358,C,D
4445,3368,D,B
4446,3369,C,B
4447,3377,A,B
4448,3360,D,C
4449,3367,C,A
4450,3362,C,D
4450,3375,D,B
4451,3370,D,B
4452,3374,D,B
4453,3364,C,D
4453,3370,D,B
4454,3366,C,D
4454,3378,D,B
4456,3373,D,B
4457,3372,C,D
4458,3373,D,B
4459,3368,C,D
4459,3381,D,B
4460,3379,C,D
4461,3372,C,A
4461,3379,A,B
4462,3374,D,B
4463,3370,C,D
4464,3367,C,D
4465,3380,C,D
4465,3385,D,B
4466,3382,D,B
4468,3371,C,A
4469,3378,A,B
4471,3384,D,B
4472,3383,A,B
4473,3387,A,B
4474,3372,C,D
4474,3390,D,B
4475,3383,D,B
4476,3384,D,B
4477,3374,C,A
4478,3379,C,D
4478,3388,D,B
4479,3383,D,B
4480,3394,C,B
4482,3386,D,B
4483,3381,C,D
4483,3388,D,B
4484,3386,D,B
4485,3387,D,B
4486,3389,C,D
4487,3391,C,B
4488,3393,D,B
4489,3384,C,A
4489,3391,A,B
4490,3391,A,B
4491,3396,D,C
4491,3402,C,A
4492,3397,D,B
4493,3386,C,D
4494,3398,D,B
4495,3390,A,B
4496,3390,C,D
4496,3399,D,B
4497,3393,D,B
4498,3392,C,D
4499,3393,C,D
4500,3393,D,B
4501,3395,C,D
4502,3395,D,B
4503,3398,D,B
4504,3388,A,C
4504,3396,C,D
4505,3386,C,A
4505,3396,A,B
4507,3395,A,B
4508,3392,C,D
4508,3405,D,B
4509,3393,C,D
4509,3405,D,B
4511,3398,A,B
4512,3401,C,A
4512,3410,A,B
4513,3395,C,A
4513,3409,A,B
4515,3396,C,A
4515,3405,A,B
4516,3406,D,B
4517,3409,D,B
4518,3413,D,B
4519,3394,D,C
4519,3414,C,A
4520,3395,C,D
4520,3407,D,B
4523,3408,C,A
4523,3414,A,B
4524,3401,C,A
4524,3414,A,B
4525,3409,D,B
4526,3409,A,B
4527,3406,D,B
4528,3415,C,B
4529,3414,D,B
4531,3411,A,B
4532,3400,C,A
4532,3413,A,B
4533,3409,C,A
4533,3421,A,B
4535,3412,D,B
4536,3416,A,B
4537,3403,D,C
4538,3422,A,B
4539,3415,D,B
4540,3408,C,D
4540,3418,D,B
4542,3413,D,B
4543,3418,A,B
4544,3425,D,B
4545,3408,C,D
4545,3419,D,B
4547,3424,A,B
4548,3430,D,A
4549,3421,A,B
4551,3419,D,B
4553,3421,A,B
4554,3425,A,B
4555,3412,C,A
4555,3421,A,B
4556,3418,C,D
4556,3424,D,B
4557,3416,A,C
4558,3424,A,B
4560,3417,C,D
4560,3427,D,B
4561,3419,C,A
4561,3429,A,B
4562,3426,C,D
4564,3417,C,A
4564,3427,A,B
4565,3418,C,D
4565,3428,D,B
4567,3425,D,B
4568,3428,D,B
4569,3430,D,B
4570,3433,A,B
4571,3428,D,B
4572,3429,D,B
4573,3422,C,A
4573,3433,A,B
4575,3437,C,D
4576,3431,D,B
4577,3424,D,C
4577,3438,C,A
4578,3435,D,B
4579,3431,C,D
4579,3443,D,B
4580,3436,C,A
4581,3432,D,B
4582,3435,A,B
4583,3425,C,A
4584,3437,D,B
4585,3433,D,B
4586,3438,D,B
4587,3437,A,B
4588,3436,D,B
4591,3431,D,C
4592,3440,A,B
4593,3442,D,B
4595,3437,C,A
4595,3446,A,B
4597,3437,C,D
4597,3446,D,B
4598,3442,A,B
4600,3436,A,C
4600,3444,C,D
4601,3450,D,B
4602,3442,A,B
4603,3442,D,B
4605,3435,C,D
4605,3448,D,B
4606,3448,A,B
4607,3452,A,B
4608,3441,C,D
4608,3451,D,B
4609,3456,D,B
4610,3438,C,A
4611,3454,D,B
4618,3452,C,A
4618,3466,A,B
4620,3458,A,B
4624,3460,C,D
4626,3467,A,B
4628,3470,C,D
4630,3457,D,C
4631,3469,C,A
4636,3464,A,C
4636,3477,C,D
4640,3473,C,D
4641,3479,C,A
4642,3477,C,A
4644,3474,C,D
4647,3467,C,D
4648,3467,C,D
4649,3479,C,A
4650,3471,C,D
4651,3478,C,D
4651,3485,D,B
4653,3493,C,D
4654,3488,C,D
4655,3496,C,D
4656,3494,C,D
4659,3492,D,B
4660,3497,C,A
4663,3499,C,A
4664,3491,A,C
4665,3493,C,A
4665,3502,A,B
4666,3496,C,D
4667,3495,A,C
4667,3505,C,D
4671,3506,C,D
4676,3499,C,A
4679,3508,C,A
4680,3520,C,B
4681,3511,D,C
4682,3519,A,B
4684,3525,C,A
4687,3520,C,D
4688,3528,A,C
4688,3540,C,D
4690,3536,C,D
4691,3536,C,D
4692,3542,C,D
4693,3537,C,A
4693,3546,A,B
4694,3531,C,D
4696,3533,A,C
4696,3542,C,D
4698,3531,A,C
4698,3540,C,D
4699,3537,C,A
4699,3549,A,B
4700,3534,C,D
4704,3555,D,B
4705,3542,D,C
4705,3554,C,A
4709,3549,D,C
4709,3556,C,A
4710,3550,D,C
4711,3560,C,D
4712,3550,C,A
4713,3558,A,C
4713,3565,C,D
4714,3562,D,C
4714,3572,C,A
4715,3562,C,A
4716,3569,C,D
4717,3561,A,C
4717,3572,C,D
4719,3555,C,D
4722,3561,C,D
4723,3572,A,B
4728,3565,C,A
4728,3579,A,B
4730,3578,C,D
4732,3585,C,A
4733,3581,D,B
4734,3572,D,C
4734,3585,C,A
4735,3573,C,D
4737,3583,C,D
4738,3590,C,D
4739,3575,A,C
4744,3589,A,B
4745,3582,C,D
4746,3594,C,D
4750,3595,C,A
4751,3592,A,C
