frame,track_id,cx,cy,zone,direction,distance,Zone_C,Zone_D,total_people,moving_people,total_movement_distance,total_inflow,total_outflow,net_flow,movement_percentage
1,1,140.0,200.0,Zone_C,START,0.0,1,1,2,0,0.0,0,0,0.0,0.0
1,2,340.0,215.0,Zone_D,START,0.0,1,1,2,0,0.0,0,0,0.0,0.0
2,1,145.0,202.0,Zone_C,RIGHT,5.39,1,1,2,2,10.78,0,0,0.0,100.0
2,2,345.0,217.0,Zone_D,RIGHT,5.39,1,1,2,2,10.78,0,0,0.0,100.0
3,1,152.0,205.0,Zone_C,RIGHT,7.62,1,1,2,2,13.45,0,0,0.0,100.0
3,2,350.0,220.0,Zone_D,RIGHT,5.83,1,1,2,2,13.45,0,0,0.0,100.0
4,1,160.0,170.0,Zone_C,UP,35.9,1,1,2,2,41.73,0,0,0.0,100.0
4,2,355.0,223.0,Zone_D,RIGHT,5.83,1,1,2,2,41.73,0,0,0.0,100.0
5,1,170.0,140.0,Zone_A,UP,31.62,1,1,2,2,37.01,1,1,0.0,100.0
5,2,360.0,225.0,Zone_D,RIGHT,5.39,1,1,2,2,37.01,1,1,0.0,100.0
